id,date,amount,direction,currency,entity,category,probability
HBR-EXTRA-01,2026-10-05,23024498.07,INFLOW,INR,Fictional Harbor India,OTHER,1
HBR-EXTRA-02,2026-10-06,250000,INFLOW,USD,Fictional Harbor USA,OTHER,1
HBR-EXTRA-03,2026-10-07,213675.21,INFLOW,EUR,Fictional Harbor Germany,OTHER,1
HBR-EXTRA-04,2026-10-08,322499.92,INFLOW,SGD,Fictional Harbor Singapore,OTHER,1
HBR-1-1-CRUDE,2026-10-12,105912691.1,OUTFLOW,INR,Fictional Harbor India,CRUDE_PURCHASE,1
HBR-1-2-CRUDE,2026-10-12,1299500,OUTFLOW,USD,Fictional Harbor USA,CRUDE_PURCHASE,1
HBR-1-3-CRUDE,2026-10-12,1238461.54,OUTFLOW,EUR,Fictional Harbor Germany,CRUDE_PURCHASE,1
HBR-1-4-CRUDE,2026-10-12,2062064.46,OUTFLOW,SGD,Fictional Harbor Singapore,CRUDE_PURCHASE,1
HBR-1-5-CRUDE,2026-10-12,1304477.61,OUTFLOW,GBP,Fictional Harbor UK,CRUDE_PURCHASE,1
HBR-1-6-CRUDE,2026-10-12,282744747.43,OUTFLOW,JPY,Fictional Harbor Japan,CRUDE_PURCHASE,1
HBR-1-1-SALE-A,2026-10-13,138146988.4,INFLOW,INR,Fictional Harbor India,PRODUCT_SALE,0.96
HBR-1-2-SALE-A,2026-10-13,1695000,INFLOW,USD,Fictional Harbor USA,PRODUCT_SALE,0.96
HBR-1-3-SALE-A,2026-10-13,1615384.62,INFLOW,EUR,Fictional Harbor Germany,PRODUCT_SALE,0.96
HBR-1-4-SALE-A,2026-10-13,2689649.3,INFLOW,SGD,Fictional Harbor Singapore,PRODUCT_SALE,0.96
HBR-1-5-SALE-A,2026-10-13,1701492.54,INFLOW,GBP,Fictional Harbor UK,PRODUCT_SALE,0.96
HBR-1-6-SALE-A,2026-10-13,368797496.65,INFLOW,JPY,Fictional Harbor Japan,PRODUCT_SALE,0.96
HBR-1-1-FREIGHT,2026-10-14,98214.29,OUTFLOW,CHF,Fictional Harbor India,FREIGHT,1
HBR-1-2-FREIGHT,2026-10-14,167972.97,OUTFLOW,CAD,Fictional Harbor USA,FREIGHT,1
HBR-1-3-FREIGHT,2026-10-14,210000,OUTFLOW,AUD,Fictional Harbor Germany,FREIGHT,1
HBR-1-4-FREIGHT,2026-10-14,1092142.86,OUTFLOW,CNY,Fictional Harbor Singapore,FREIGHT,1
HBR-1-5-FREIGHT,2026-10-14,614042.18,OUTFLOW,AED,Fictional Harbor UK,FREIGHT,1
HBR-1-6-FREIGHT,2026-10-14,1415701.42,OUTFLOW,HKD,Fictional Harbor Japan,FREIGHT,1
HBR-1-1-OPS,2026-10-15,20261558.3,OUTFLOW,INR,Fictional Harbor India,OPERATING,1
HBR-1-2-OPS,2026-10-15,248600,OUTFLOW,USD,Fictional Harbor USA,OPERATING,1
HBR-1-3-OPS,2026-10-15,236923.08,OUTFLOW,EUR,Fictional Harbor Germany,OPERATING,1
HBR-1-4-OPS,2026-10-15,394481.9,OUTFLOW,SGD,Fictional Harbor Singapore,OPERATING,1
HBR-1-5-OPS,2026-10-15,249552.24,OUTFLOW,GBP,Fictional Harbor UK,OPERATING,1
HBR-1-6-OPS,2026-10-15,54090299.51,OUTFLOW,JPY,Fictional Harbor Japan,OPERATING,1
HBR-1-1-SALE-B,2026-10-16,625000,INFLOW,CHF,Fictional Harbor India,PRODUCT_SALE,0.95
HBR-1-2-SALE-B,2026-10-16,1068918.92,INFLOW,CAD,Fictional Harbor USA,PRODUCT_SALE,0.95
HBR-1-3-SALE-B,2026-10-16,1336363.64,INFLOW,AUD,Fictional Harbor Germany,PRODUCT_SALE,0.95
HBR-1-4-SALE-B,2026-10-16,6950000,INFLOW,CNY,Fictional Harbor Singapore,PRODUCT_SALE,0.95
HBR-1-5-SALE-B,2026-10-16,3907541.11,INFLOW,AED,Fictional Harbor UK,PRODUCT_SALE,0.95
HBR-1-6-SALE-B,2026-10-16,9009009.01,INFLOW,HKD,Fictional Harbor Japan,PRODUCT_SALE,0.95
HBR-1-1-OTHER,2026-10-17,90000,OUTFLOW,USD,Fictional Harbor India,OTHER,1
HBR-1-2-OTHER,2026-10-17,101700,OUTFLOW,USD,Fictional Harbor USA,OTHER,1
HBR-1-3-OTHER,2026-10-17,113400,OUTFLOW,USD,Fictional Harbor Germany,OTHER,1
HBR-1-4-OTHER,2026-10-17,125100,OUTFLOW,USD,Fictional Harbor Singapore,OTHER,1
HBR-1-5-OTHER,2026-10-17,136800,OUTFLOW,USD,Fictional Harbor UK,OTHER,1
HBR-1-6-OTHER,2026-10-17,148500,OUTFLOW,USD,Fictional Harbor Japan,OTHER,1
HBR-2-1-CRUDE,2026-10-19,110149198.75,OUTFLOW,INR,Fictional Harbor India,CRUDE_PURCHASE,1
HBR-2-2-CRUDE,2026-10-19,1345500,OUTFLOW,USD,Fictional Harbor USA,CRUDE_PURCHASE,1
HBR-2-3-CRUDE,2026-10-19,1277777.78,OUTFLOW,EUR,Fictional Harbor Germany,CRUDE_PURCHASE,1
HBR-2-4-CRUDE,2026-10-19,2121404.45,OUTFLOW,SGD,Fictional Harbor Singapore,CRUDE_PURCHASE,1
HBR-2-5-CRUDE,2026-10-19,1338805.97,OUTFLOW,GBP,Fictional Harbor UK,CRUDE_PURCHASE,1
HBR-2-6-CRUDE,2026-10-19,289599165.55,OUTFLOW,JPY,Fictional Harbor Japan,CRUDE_PURCHASE,1
HBR-2-1-SALE-A,2026-10-20,143672867.93,INFLOW,INR,Fictional Harbor India,PRODUCT_SALE,0.9
HBR-2-2-SALE-A,2026-10-20,1755000,INFLOW,USD,Fictional Harbor USA,PRODUCT_SALE,0.9
HBR-2-3-SALE-A,2026-10-20,1666666.67,INFLOW,EUR,Fictional Harbor Germany,PRODUCT_SALE,0.9
HBR-2-4-SALE-A,2026-10-20,2767049.28,INFLOW,SGD,Fictional Harbor Singapore,PRODUCT_SALE,0.9
HBR-2-5-SALE-A,2026-10-20,1746268.66,INFLOW,GBP,Fictional Harbor UK,PRODUCT_SALE,0.9
HBR-2-6-SALE-A,2026-10-20,377738042.02,INFLOW,JPY,Fictional Harbor Japan,PRODUCT_SALE,0.9
HBR-EXTRA-28,2026-10-20,799799.79,OUTFLOW,SGD,Fictional Harbor Singapore,OPERATING,1
HBR-2-1-FREIGHT,2026-10-21,154594.59,OUTFLOW,CAD,Fictional Harbor India,FREIGHT,1
HBR-2-2-FREIGHT,2026-10-21,195000,OUTFLOW,AUD,Fictional Harbor USA,FREIGHT,1
HBR-2-3-FREIGHT,2026-10-21,1021428.57,OUTFLOW,CNY,Fictional Harbor Germany,FREIGHT,1
HBR-2-4-FREIGHT,2026-10-21,577684.41,OUTFLOW,AED,Fictional Harbor Singapore,FREIGHT,1
HBR-2-5-FREIGHT,2026-10-21,1338481.34,OUTFLOW,HKD,Fictional Harbor UK,FREIGHT,1
HBR-2-6-FREIGHT,2026-10-21,165982.14,OUTFLOW,CHF,Fictional Harbor Japan,FREIGHT,1
HBR-2-1-OPS,2026-10-22,21072020.63,OUTFLOW,INR,Fictional Harbor India,OPERATING,1
HBR-2-2-OPS,2026-10-22,257400,OUTFLOW,USD,Fictional Harbor USA,OPERATING,1
HBR-2-3-OPS,2026-10-22,244444.44,OUTFLOW,EUR,Fictional Harbor Germany,OPERATING,1
HBR-2-4-OPS,2026-10-22,405833.89,OUTFLOW,SGD,Fictional Harbor Singapore,OPERATING,1
HBR-2-5-OPS,2026-10-22,256119.4,OUTFLOW,GBP,Fictional Harbor UK,OPERATING,1
HBR-2-6-OPS,2026-10-22,55401579.5,OUTFLOW,JPY,Fictional Harbor Japan,OPERATING,1
HBR-2-1-SALE-B,2026-10-23,983783.78,INFLOW,CAD,Fictional Harbor India,PRODUCT_SALE,0.95
HBR-2-2-SALE-B,2026-10-23,1240909.09,INFLOW,AUD,Fictional Harbor USA,PRODUCT_SALE,0.95
HBR-2-3-SALE-B,2026-10-23,6500000,INFLOW,CNY,Fictional Harbor Germany,PRODUCT_SALE,0.95
HBR-2-4-SALE-B,2026-10-23,3676173.55,INFLOW,AED,Fictional Harbor Singapore,PRODUCT_SALE,0.95
HBR-2-5-SALE-B,2026-10-23,8517608.52,INFLOW,HKD,Fictional Harbor UK,PRODUCT_SALE,0.95
HBR-2-6-SALE-B,2026-10-23,1056250,INFLOW,CHF,Fictional Harbor Japan,PRODUCT_SALE,0.95
HBR-EXTRA-29,2026-10-23,470149.25,OUTFLOW,GBP,Fictional Harbor UK,OPERATING,1
HBR-2-1-OTHER,2026-10-24,93600,OUTFLOW,USD,Fictional Harbor India,OTHER,1
HBR-2-2-OTHER,2026-10-24,105300,OUTFLOW,USD,Fictional Harbor USA,OTHER,1
HBR-2-3-OTHER,2026-10-24,117000,OUTFLOW,USD,Fictional Harbor Germany,OTHER,1
HBR-2-4-OTHER,2026-10-24,128700,OUTFLOW,USD,Fictional Harbor Singapore,OTHER,1
HBR-2-5-OTHER,2026-10-24,140400,OUTFLOW,USD,Fictional Harbor UK,OTHER,1
HBR-2-6-OTHER,2026-10-24,152100,OUTFLOW,USD,Fictional Harbor Japan,OTHER,1
HBR-3-1-CRUDE,2026-10-26,114385706.39,OUTFLOW,INR,Fictional Harbor India,CRUDE_PURCHASE,1
HBR-3-2-CRUDE,2026-10-26,1391500,OUTFLOW,USD,Fictional Harbor USA,CRUDE_PURCHASE,1
HBR-3-3-CRUDE,2026-10-26,1317094.02,OUTFLOW,EUR,Fictional Harbor Germany,CRUDE_PURCHASE,1
HBR-3-4-CRUDE,2026-10-26,2180744.43,OUTFLOW,SGD,Fictional Harbor Singapore,CRUDE_PURCHASE,1
HBR-3-5-CRUDE,2026-10-26,1373134.33,OUTFLOW,GBP,Fictional Harbor UK,CRUDE_PURCHASE,1
HBR-3-6-CRUDE,2026-10-26,296453583.67,OUTFLOW,JPY,Fictional Harbor Japan,CRUDE_PURCHASE,1
HBR-EXTRA-30,2026-10-26,95365817.31,OUTFLOW,JPY,Fictional Harbor Japan,OPERATING,1
HBR-3-1-SALE-A,2026-10-27,149198747.47,INFLOW,INR,Fictional Harbor India,PRODUCT_SALE,0.85
HBR-3-2-SALE-A,2026-10-27,1815000,INFLOW,USD,Fictional Harbor USA,PRODUCT_SALE,0.85
HBR-3-3-SALE-A,2026-10-27,1717948.72,INFLOW,EUR,Fictional Harbor Germany,PRODUCT_SALE,0.85
HBR-3-4-SALE-A,2026-10-27,2844449.26,INFLOW,SGD,Fictional Harbor Singapore,PRODUCT_SALE,0.85
HBR-3-5-SALE-A,2026-10-27,1791044.78,INFLOW,GBP,Fictional Harbor UK,PRODUCT_SALE,0.85
HBR-3-6-SALE-A,2026-10-27,386678587.39,INFLOW,JPY,Fictional Harbor Japan,PRODUCT_SALE,0.85
HBR-3-1-FREIGHT,2026-10-28,180000,OUTFLOW,AUD,Fictional Harbor India,FREIGHT,1
HBR-3-2-FREIGHT,2026-10-28,950714.29,OUTFLOW,CNY,Fictional Harbor USA,FREIGHT,1
HBR-3-3-FREIGHT,2026-10-28,541326.65,OUTFLOW,AED,Fictional Harbor Germany,FREIGHT,1
HBR-3-4-FREIGHT,2026-10-28,1261261.26,OUTFLOW,HKD,Fictional Harbor Singapore,FREIGHT,1
HBR-3-5-FREIGHT,2026-10-28,157142.86,OUTFLOW,CHF,Fictional Harbor UK,FREIGHT,1
HBR-3-6-FREIGHT,2026-10-28,257162.16,OUTFLOW,CAD,Fictional Harbor Japan,FREIGHT,1
HBR-3-1-OPS,2026-10-29,21882482.96,OUTFLOW,INR,Fictional Harbor India,OPERATING,1
HBR-3-2-OPS,2026-10-29,266200,OUTFLOW,USD,Fictional Harbor USA,OPERATING,1
HBR-3-3-OPS,2026-10-29,251965.81,OUTFLOW,EUR,Fictional Harbor Germany,OPERATING,1
HBR-3-4-OPS,2026-10-29,417185.89,OUTFLOW,SGD,Fictional Harbor Singapore,OPERATING,1
HBR-3-5-OPS,2026-10-29,262686.57,OUTFLOW,GBP,Fictional Harbor UK,OPERATING,1
HBR-3-6-OPS,2026-10-29,56712859.48,OUTFLOW,JPY,Fictional Harbor Japan,OPERATING,1
HBR-EXTRA-31,2026-10-29,59863694.97,INFLOW,INR,Fictional Harbor India,OTHER,1
HBR-3-1-SALE-B,2026-10-30,1145454.55,INFLOW,AUD,Fictional Harbor India,PRODUCT_SALE,0.95
HBR-3-2-SALE-B,2026-10-30,6050000,INFLOW,CNY,Fictional Harbor USA,PRODUCT_SALE,0.95
HBR-3-3-SALE-B,2026-10-30,3444805.98,INFLOW,AED,Fictional Harbor Germany,PRODUCT_SALE,0.95
HBR-3-4-SALE-B,2026-10-30,8026208.03,INFLOW,HKD,Fictional Harbor Singapore,PRODUCT_SALE,0.95
HBR-3-5-SALE-B,2026-10-30,1000000,INFLOW,CHF,Fictional Harbor UK,PRODUCT_SALE,0.95
HBR-3-6-SALE-B,2026-10-30,1636486.49,INFLOW,CAD,Fictional Harbor Japan,PRODUCT_SALE,0.95
HBR-3-1-OTHER,2026-10-31,97200,OUTFLOW,USD,Fictional Harbor India,OTHER,1
HBR-3-2-OTHER,2026-10-31,108900,OUTFLOW,USD,Fictional Harbor USA,OTHER,1
HBR-3-3-OTHER,2026-10-31,120600,OUTFLOW,USD,Fictional Harbor Germany,OTHER,1
HBR-3-4-OTHER,2026-10-31,132300,OUTFLOW,USD,Fictional Harbor Singapore,OTHER,1
HBR-3-5-OTHER,2026-10-31,144000,OUTFLOW,USD,Fictional Harbor UK,OTHER,1
HBR-3-6-OTHER,2026-10-31,155700,OUTFLOW,USD,Fictional Harbor Japan,OTHER,1
HBR-EXTRA-32,2026-11-01,660000,OUTFLOW,USD,Fictional Harbor USA,OPERATING,1
HBR-4-1-CRUDE,2026-11-02,118622214.04,OUTFLOW,INR,Fictional Harbor India,CRUDE_PURCHASE,1
HBR-4-2-CRUDE,2026-11-02,1437500,OUTFLOW,USD,Fictional Harbor USA,CRUDE_PURCHASE,1
HBR-4-3-CRUDE,2026-11-02,1356410.26,OUTFLOW,EUR,Fictional Harbor Germany,CRUDE_PURCHASE,1
HBR-4-4-CRUDE,2026-11-02,2240084.42,OUTFLOW,SGD,Fictional Harbor Singapore,CRUDE_PURCHASE,1
HBR-4-5-CRUDE,2026-11-02,1407462.69,OUTFLOW,GBP,Fictional Harbor UK,CRUDE_PURCHASE,1
HBR-4-6-CRUDE,2026-11-02,303308001.79,OUTFLOW,JPY,Fictional Harbor Japan,CRUDE_PURCHASE,1
HBR-4-1-SALE-A,2026-11-03,154724627,INFLOW,INR,Fictional Harbor India,PRODUCT_SALE,1
HBR-4-2-SALE-A,2026-11-03,1875000,INFLOW,USD,Fictional Harbor USA,PRODUCT_SALE,1
HBR-4-3-SALE-A,2026-11-03,1769230.77,INFLOW,EUR,Fictional Harbor Germany,PRODUCT_SALE,1
HBR-4-4-SALE-A,2026-11-03,2921849.24,INFLOW,SGD,Fictional Harbor Singapore,PRODUCT_SALE,1
HBR-4-5-SALE-A,2026-11-03,1835820.9,INFLOW,GBP,Fictional Harbor UK,PRODUCT_SALE,1
HBR-4-6-SALE-A,2026-11-03,395619132.77,INFLOW,JPY,Fictional Harbor Japan,PRODUCT_SALE,1
HBR-4-1-FREIGHT,2026-11-04,880000,OUTFLOW,CNY,Fictional Harbor India,FREIGHT,1
HBR-4-2-FREIGHT,2026-11-04,504968.89,OUTFLOW,AED,Fictional Harbor USA,FREIGHT,1
HBR-4-3-FREIGHT,2026-11-04,1184041.18,OUTFLOW,HKD,Fictional Harbor Germany,FREIGHT,1
HBR-4-4-FREIGHT,2026-11-04,148303.57,OUTFLOW,CHF,Fictional Harbor Singapore,FREIGHT,1
HBR-4-5-FREIGHT,2026-11-04,243783.78,OUTFLOW,CAD,Fictional Harbor UK,FREIGHT,1
HBR-4-6-FREIGHT,2026-11-04,295000,OUTFLOW,AUD,Fictional Harbor Japan,FREIGHT,1
HBR-4-1-OPS,2026-11-05,22692945.29,OUTFLOW,INR,Fictional Harbor India,OPERATING,1
HBR-4-2-OPS,2026-11-05,275000,OUTFLOW,USD,Fictional Harbor USA,OPERATING,1
HBR-4-3-OPS,2026-11-05,259487.18,OUTFLOW,EUR,Fictional Harbor Germany,OPERATING,1
HBR-4-4-OPS,2026-11-05,428537.89,OUTFLOW,SGD,Fictional Harbor Singapore,OPERATING,1
HBR-4-5-OPS,2026-11-05,269253.73,OUTFLOW,GBP,Fictional Harbor UK,OPERATING,1
HBR-4-6-OPS,2026-11-05,58024139.47,OUTFLOW,JPY,Fictional Harbor Japan,OPERATING,1
HBR-4-1-SALE-B,2026-11-06,5600000,INFLOW,CNY,Fictional Harbor India,PRODUCT_SALE,0.95
HBR-4-2-SALE-B,2026-11-06,3213438.42,INFLOW,AED,Fictional Harbor USA,PRODUCT_SALE,0.95
HBR-4-3-SALE-B,2026-11-06,7534807.53,INFLOW,HKD,Fictional Harbor Germany,PRODUCT_SALE,0.95
HBR-4-4-SALE-B,2026-11-06,943750,INFLOW,CHF,Fictional Harbor Singapore,PRODUCT_SALE,0.95
HBR-4-5-SALE-B,2026-11-06,1551351.35,INFLOW,CAD,Fictional Harbor UK,PRODUCT_SALE,0.95
HBR-4-6-SALE-B,2026-11-06,1877272.73,INFLOW,AUD,Fictional Harbor Japan,PRODUCT_SALE,0.95
HBR-4-1-OTHER,2026-11-07,100800,OUTFLOW,USD,Fictional Harbor India,OTHER,1
HBR-4-2-OTHER,2026-11-07,112500,OUTFLOW,USD,Fictional Harbor USA,OTHER,1
HBR-4-3-OTHER,2026-11-07,124200,OUTFLOW,USD,Fictional Harbor Germany,OTHER,1
HBR-4-4-OTHER,2026-11-07,135900,OUTFLOW,USD,Fictional Harbor Singapore,OTHER,1
HBR-4-5-OTHER,2026-11-07,147600,OUTFLOW,USD,Fictional Harbor UK,OTHER,1
HBR-4-6-OTHER,2026-11-07,159300,OUTFLOW,USD,Fictional Harbor Japan,OTHER,1
HBR-5-1-CRUDE,2026-11-09,105912691.1,OUTFLOW,INR,Fictional Harbor India,CRUDE_PURCHASE,1
HBR-5-2-CRUDE,2026-11-09,1299500,OUTFLOW,USD,Fictional Harbor USA,CRUDE_PURCHASE,1
HBR-5-3-CRUDE,2026-11-09,1238461.54,OUTFLOW,EUR,Fictional Harbor Germany,CRUDE_PURCHASE,1
HBR-5-4-CRUDE,2026-11-09,2062064.46,OUTFLOW,SGD,Fictional Harbor Singapore,CRUDE_PURCHASE,1
HBR-5-5-CRUDE,2026-11-09,1304477.61,OUTFLOW,GBP,Fictional Harbor UK,CRUDE_PURCHASE,1
HBR-5-6-CRUDE,2026-11-09,282744747.43,OUTFLOW,JPY,Fictional Harbor Japan,CRUDE_PURCHASE,1
HBR-EXTRA-09,2026-11-09,427350.43,INFLOW,EUR,Fictional Harbor Germany,OTHER,0
HBR-5-1-SALE-A,2026-11-10,138146988.4,INFLOW,INR,Fictional Harbor India,PRODUCT_SALE,0.96
HBR-5-2-SALE-A,2026-11-10,1695000,INFLOW,USD,Fictional Harbor USA,PRODUCT_SALE,0.96
HBR-5-3-SALE-A,2026-11-10,1615384.62,INFLOW,EUR,Fictional Harbor Germany,PRODUCT_SALE,0.96
HBR-5-4-SALE-A,2026-11-10,2689649.3,INFLOW,SGD,Fictional Harbor Singapore,PRODUCT_SALE,0.96
HBR-5-5-SALE-A,2026-11-10,1701492.54,INFLOW,GBP,Fictional Harbor UK,PRODUCT_SALE,0.96
HBR-5-6-SALE-A,2026-11-10,368797496.65,INFLOW,JPY,Fictional Harbor Japan,PRODUCT_SALE,0.96
HBR-EXTRA-10,2026-11-10,644999.83,INFLOW,SGD,Fictional Harbor Singapore,OTHER,0
HBR-5-1-FREIGHT,2026-11-11,403975.12,OUTFLOW,AED,Fictional Harbor India,FREIGHT,1
HBR-5-2-FREIGHT,2026-11-11,969540.97,OUTFLOW,HKD,Fictional Harbor USA,FREIGHT,1
HBR-5-3-FREIGHT,2026-11-11,123750,OUTFLOW,CHF,Fictional Harbor Germany,FREIGHT,1
HBR-5-4-FREIGHT,2026-11-11,206621.62,OUTFLOW,CAD,Fictional Harbor Singapore,FREIGHT,1
HBR-5-5-FREIGHT,2026-11-11,253333.33,OUTFLOW,AUD,Fictional Harbor UK,FREIGHT,1
HBR-5-6-FREIGHT,2026-11-11,1296428.57,OUTFLOW,CNY,Fictional Harbor Japan,FREIGHT,1
HBR-EXTRA-11,2026-11-11,373134.33,INFLOW,GBP,Fictional Harbor UK,OTHER,0
HBR-5-1-OPS,2026-11-12,20261558.3,OUTFLOW,INR,Fictional Harbor India,OPERATING,1
HBR-5-2-OPS,2026-11-12,248600,OUTFLOW,USD,Fictional Harbor USA,OPERATING,1
HBR-5-3-OPS,2026-11-12,236923.08,OUTFLOW,EUR,Fictional Harbor Germany,OPERATING,1
HBR-5-4-OPS,2026-11-12,394481.9,OUTFLOW,SGD,Fictional Harbor Singapore,OPERATING,1
HBR-5-5-OPS,2026-11-12,249552.24,OUTFLOW,GBP,Fictional Harbor UK,OPERATING,1
HBR-5-6-OPS,2026-11-12,54090299.51,OUTFLOW,JPY,Fictional Harbor Japan,OPERATING,1
HBR-EXTRA-12,2026-11-12,74504544.78,INFLOW,JPY,Fictional Harbor Japan,OTHER,0
HBR-5-1-SALE-B,2026-11-13,2570750.73,INFLOW,AED,Fictional Harbor India,PRODUCT_SALE,0.95
HBR-5-2-SALE-B,2026-11-13,6169806.17,INFLOW,HKD,Fictional Harbor USA,PRODUCT_SALE,0.95
HBR-5-3-SALE-B,2026-11-13,787500,INFLOW,CHF,Fictional Harbor Germany,PRODUCT_SALE,0.95
HBR-5-4-SALE-B,2026-11-13,1314864.86,INFLOW,CAD,Fictional Harbor Singapore,PRODUCT_SALE,0.95
HBR-5-5-SALE-B,2026-11-13,1612121.21,INFLOW,AUD,Fictional Harbor UK,PRODUCT_SALE,0.95
HBR-5-6-SALE-B,2026-11-13,8250000,INFLOW,CNY,Fictional Harbor Japan,PRODUCT_SALE,0.95
HBR-5-1-OTHER,2026-11-14,90000,OUTFLOW,USD,Fictional Harbor India,OTHER,1
HBR-5-2-OTHER,2026-11-14,101700,OUTFLOW,USD,Fictional Harbor USA,OTHER,1
HBR-5-3-OTHER,2026-11-14,113400,OUTFLOW,USD,Fictional Harbor Germany,OTHER,1
HBR-5-4-OTHER,2026-11-14,125100,OUTFLOW,USD,Fictional Harbor Singapore,OTHER,1
HBR-5-5-OTHER,2026-11-14,136800,OUTFLOW,USD,Fictional Harbor UK,OTHER,1
HBR-5-6-OTHER,2026-11-14,148500,OUTFLOW,USD,Fictional Harbor Japan,OTHER,1
HBR-6-1-CRUDE,2026-11-16,110149198.75,OUTFLOW,INR,Fictional Harbor India,CRUDE_PURCHASE,1
HBR-6-2-CRUDE,2026-11-16,1345500,OUTFLOW,USD,Fictional Harbor USA,CRUDE_PURCHASE,1
HBR-6-3-CRUDE,2026-11-16,1277777.78,OUTFLOW,EUR,Fictional Harbor Germany,CRUDE_PURCHASE,1
HBR-6-4-CRUDE,2026-11-16,2121404.45,OUTFLOW,SGD,Fictional Harbor Singapore,CRUDE_PURCHASE,1
HBR-6-5-CRUDE,2026-11-16,1338805.97,OUTFLOW,GBP,Fictional Harbor UK,CRUDE_PURCHASE,1
HBR-6-6-CRUDE,2026-11-16,289599165.55,OUTFLOW,JPY,Fictional Harbor Japan,CRUDE_PURCHASE,1
HBR-6-1-SALE-A,2026-11-17,143672867.93,INFLOW,INR,Fictional Harbor India,PRODUCT_SALE,0.9
HBR-6-2-SALE-A,2026-11-17,1755000,INFLOW,USD,Fictional Harbor USA,PRODUCT_SALE,0.9
HBR-6-3-SALE-A,2026-11-17,1666666.67,INFLOW,EUR,Fictional Harbor Germany,PRODUCT_SALE,0.9
HBR-6-4-SALE-A,2026-11-17,2767049.28,INFLOW,SGD,Fictional Harbor Singapore,PRODUCT_SALE,0.9
HBR-6-5-SALE-A,2026-11-17,1746268.66,INFLOW,GBP,Fictional Harbor UK,PRODUCT_SALE,0.9
HBR-6-6-SALE-A,2026-11-17,377738042.02,INFLOW,JPY,Fictional Harbor Japan,PRODUCT_SALE,0.9
HBR-6-1-FREIGHT,2026-11-18,892320.89,OUTFLOW,HKD,Fictional Harbor India,FREIGHT,1
HBR-6-2-FREIGHT,2026-11-18,114910.71,OUTFLOW,CHF,Fictional Harbor USA,FREIGHT,1
HBR-6-3-FREIGHT,2026-11-18,193243.24,OUTFLOW,CAD,Fictional Harbor Germany,FREIGHT,1
HBR-6-4-FREIGHT,2026-11-18,238333.33,OUTFLOW,AUD,Fictional Harbor Singapore,FREIGHT,1
HBR-6-5-FREIGHT,2026-11-18,1225714.29,OUTFLOW,CNY,Fictional Harbor UK,FREIGHT,1
HBR-6-6-FREIGHT,2026-11-18,682717.94,OUTFLOW,AED,Fictional Harbor Japan,FREIGHT,1
HBR-6-1-OPS,2026-11-19,21072020.63,OUTFLOW,INR,Fictional Harbor India,OPERATING,1
HBR-6-2-OPS,2026-11-19,257400,OUTFLOW,USD,Fictional Harbor USA,OPERATING,1
HBR-6-3-OPS,2026-11-19,244444.44,OUTFLOW,EUR,Fictional Harbor Germany,OPERATING,1
HBR-6-4-OPS,2026-11-19,405833.89,OUTFLOW,SGD,Fictional Harbor Singapore,OPERATING,1
HBR-6-5-OPS,2026-11-19,256119.4,OUTFLOW,GBP,Fictional Harbor UK,OPERATING,1
HBR-6-6-OPS,2026-11-19,55401579.5,OUTFLOW,JPY,Fictional Harbor Japan,OPERATING,1
HBR-6-1-SALE-B,2026-11-20,5678405.68,INFLOW,HKD,Fictional Harbor India,PRODUCT_SALE,0.95
HBR-6-2-SALE-B,2026-11-20,731250,INFLOW,CHF,Fictional Harbor USA,PRODUCT_SALE,0.95
HBR-6-3-SALE-B,2026-11-20,1229729.73,INFLOW,CAD,Fictional Harbor Germany,PRODUCT_SALE,0.95
HBR-6-4-SALE-B,2026-11-20,1516666.67,INFLOW,AUD,Fictional Harbor Singapore,PRODUCT_SALE,0.95
HBR-6-5-SALE-B,2026-11-20,7800000,INFLOW,CNY,Fictional Harbor UK,PRODUCT_SALE,0.95
HBR-6-6-SALE-B,2026-11-20,4344568.74,INFLOW,AED,Fictional Harbor Japan,PRODUCT_SALE,0.95
HBR-6-1-OTHER,2026-11-21,93600,OUTFLOW,USD,Fictional Harbor India,OTHER,1
HBR-6-2-OTHER,2026-11-21,105300,OUTFLOW,USD,Fictional Harbor USA,OTHER,1
HBR-6-3-OTHER,2026-11-21,117000,OUTFLOW,USD,Fictional Harbor Germany,OTHER,1
HBR-6-4-OTHER,2026-11-21,128700,OUTFLOW,USD,Fictional Harbor Singapore,OTHER,1
HBR-6-5-OTHER,2026-11-21,140400,OUTFLOW,USD,Fictional Harbor UK,OTHER,1
HBR-6-6-OTHER,2026-11-21,152100,OUTFLOW,USD,Fictional Harbor Japan,OTHER,1
HBR-7-1-CRUDE,2026-11-23,114385706.39,OUTFLOW,INR,Fictional Harbor India,CRUDE_PURCHASE,1
HBR-7-2-CRUDE,2026-11-23,1391500,OUTFLOW,USD,Fictional Harbor USA,CRUDE_PURCHASE,1
HBR-7-3-CRUDE,2026-11-23,1317094.02,OUTFLOW,EUR,Fictional Harbor Germany,CRUDE_PURCHASE,1
HBR-7-4-CRUDE,2026-11-23,2180744.43,OUTFLOW,SGD,Fictional Harbor Singapore,CRUDE_PURCHASE,1
HBR-7-5-CRUDE,2026-11-23,1373134.33,OUTFLOW,GBP,Fictional Harbor UK,CRUDE_PURCHASE,1
HBR-7-6-CRUDE,2026-11-23,296453583.67,OUTFLOW,JPY,Fictional Harbor Japan,CRUDE_PURCHASE,1
HBR-7-1-SALE-A,2026-11-24,149198747.47,INFLOW,INR,Fictional Harbor India,PRODUCT_SALE,0.85
HBR-7-2-SALE-A,2026-11-24,1815000,INFLOW,USD,Fictional Harbor USA,PRODUCT_SALE,0.85
HBR-7-3-SALE-A,2026-11-24,1717948.72,INFLOW,EUR,Fictional Harbor Germany,PRODUCT_SALE,0.85
HBR-7-4-SALE-A,2026-11-24,2844449.26,INFLOW,SGD,Fictional Harbor Singapore,PRODUCT_SALE,0.85
HBR-7-5-SALE-A,2026-11-24,1791044.78,INFLOW,GBP,Fictional Harbor UK,PRODUCT_SALE,0.85
HBR-7-6-SALE-A,2026-11-24,386678587.39,INFLOW,JPY,Fictional Harbor Japan,PRODUCT_SALE,0.85
HBR-EXTRA-13,2026-11-24,1657763860.75,OUTFLOW,INR,Fictional Harbor India,OPERATING,1
HBR-7-1-FREIGHT,2026-11-25,106071.43,OUTFLOW,CHF,Fictional Harbor India,FREIGHT,1
HBR-7-2-FREIGHT,2026-11-25,179864.86,OUTFLOW,CAD,Fictional Harbor USA,FREIGHT,1
HBR-7-3-FREIGHT,2026-11-25,223333.33,OUTFLOW,AUD,Fictional Harbor Germany,FREIGHT,1
HBR-7-4-FREIGHT,2026-11-25,1155000,OUTFLOW,CNY,Fictional Harbor Singapore,FREIGHT,1
HBR-7-5-FREIGHT,2026-11-25,646360.18,OUTFLOW,AED,Fictional Harbor UK,FREIGHT,1
HBR-7-6-FREIGHT,2026-11-25,1484341.48,OUTFLOW,HKD,Fictional Harbor Japan,FREIGHT,1
HBR-7-1-OPS,2026-11-26,21882482.96,OUTFLOW,INR,Fictional Harbor India,OPERATING,1
HBR-7-2-OPS,2026-11-26,266200,OUTFLOW,USD,Fictional Harbor USA,OPERATING,1
HBR-7-3-OPS,2026-11-26,251965.81,OUTFLOW,EUR,Fictional Harbor Germany,OPERATING,1
HBR-7-4-OPS,2026-11-26,417185.89,OUTFLOW,SGD,Fictional Harbor Singapore,OPERATING,1
HBR-7-5-OPS,2026-11-26,262686.57,OUTFLOW,GBP,Fictional Harbor UK,OPERATING,1
HBR-7-6-OPS,2026-11-26,56712859.48,OUTFLOW,JPY,Fictional Harbor Japan,OPERATING,1
HBR-7-1-SALE-B,2026-11-27,675000,INFLOW,CHF,Fictional Harbor India,PRODUCT_SALE,0.95
HBR-7-2-SALE-B,2026-11-27,1144594.59,INFLOW,CAD,Fictional Harbor USA,PRODUCT_SALE,0.95
HBR-7-3-SALE-B,2026-11-27,1421212.12,INFLOW,AUD,Fictional Harbor Germany,PRODUCT_SALE,0.95
HBR-7-4-SALE-B,2026-11-27,7350000,INFLOW,CNY,Fictional Harbor Singapore,PRODUCT_SALE,0.95
HBR-7-5-SALE-B,2026-11-27,4113201.17,INFLOW,AED,Fictional Harbor UK,PRODUCT_SALE,0.95
HBR-7-6-SALE-B,2026-11-27,9445809.45,INFLOW,HKD,Fictional Harbor Japan,PRODUCT_SALE,0.95
HBR-EXTRA-14,2026-11-27,480000,OUTFLOW,USD,Fictional Harbor USA,OPERATING,1
HBR-7-1-OTHER,2026-11-28,97200,OUTFLOW,USD,Fictional Harbor India,OTHER,1
HBR-7-2-OTHER,2026-11-28,108900,OUTFLOW,USD,Fictional Harbor USA,OTHER,1
HBR-7-3-OTHER,2026-11-28,120600,OUTFLOW,USD,Fictional Harbor Germany,OTHER,1
HBR-7-4-OTHER,2026-11-28,132300,OUTFLOW,USD,Fictional Harbor Singapore,OTHER,1
HBR-7-5-OTHER,2026-11-28,144000,OUTFLOW,USD,Fictional Harbor UK,OTHER,1
HBR-7-6-OTHER,2026-11-28,155700,OUTFLOW,USD,Fictional Harbor Japan,OTHER,1
HBR-8-1-CRUDE,2026-11-30,118622214.04,OUTFLOW,INR,Fictional Harbor India,CRUDE_PURCHASE,1
HBR-8-2-CRUDE,2026-11-30,1437500,OUTFLOW,USD,Fictional Harbor USA,CRUDE_PURCHASE,1
HBR-8-3-CRUDE,2026-11-30,1356410.26,OUTFLOW,EUR,Fictional Harbor Germany,CRUDE_PURCHASE,1
HBR-8-4-CRUDE,2026-11-30,2240084.42,OUTFLOW,SGD,Fictional Harbor Singapore,CRUDE_PURCHASE,1
HBR-8-5-CRUDE,2026-11-30,1407462.69,OUTFLOW,GBP,Fictional Harbor UK,CRUDE_PURCHASE,1
HBR-8-6-CRUDE,2026-11-30,303308001.79,OUTFLOW,JPY,Fictional Harbor Japan,CRUDE_PURCHASE,1
HBR-EXTRA-15,2026-11-30,418803.42,OUTFLOW,EUR,Fictional Harbor Germany,OPERATING,1
HBR-8-1-SALE-A,2026-12-01,154724627,INFLOW,INR,Fictional Harbor India,PRODUCT_SALE,1
HBR-8-2-SALE-A,2026-12-01,1875000,INFLOW,USD,Fictional Harbor USA,PRODUCT_SALE,1
HBR-8-3-SALE-A,2026-12-01,1769230.77,INFLOW,EUR,Fictional Harbor Germany,PRODUCT_SALE,1
HBR-8-4-SALE-A,2026-12-01,2921849.24,INFLOW,SGD,Fictional Harbor Singapore,PRODUCT_SALE,1
HBR-8-5-SALE-A,2026-12-01,1835820.9,INFLOW,GBP,Fictional Harbor UK,PRODUCT_SALE,1
HBR-8-6-SALE-A,2026-12-01,395619132.77,INFLOW,JPY,Fictional Harbor Japan,PRODUCT_SALE,1
HBR-8-1-FREIGHT,2026-12-02,166486.49,OUTFLOW,CAD,Fictional Harbor India,FREIGHT,1
HBR-8-2-FREIGHT,2026-12-02,208333.33,OUTFLOW,AUD,Fictional Harbor USA,FREIGHT,1
HBR-8-3-FREIGHT,2026-12-02,1084285.71,OUTFLOW,CNY,Fictional Harbor Germany,FREIGHT,1
HBR-8-4-FREIGHT,2026-12-02,610002.42,OUTFLOW,AED,Fictional Harbor Singapore,FREIGHT,1
HBR-8-5-FREIGHT,2026-12-02,1407121.41,OUTFLOW,HKD,Fictional Harbor UK,FREIGHT,1
HBR-8-6-FREIGHT,2026-12-02,173839.29,OUTFLOW,CHF,Fictional Harbor Japan,FREIGHT,1
HBR-8-1-OPS,2026-12-03,22692945.29,OUTFLOW,INR,Fictional Harbor India,OPERATING,1
HBR-8-2-OPS,2026-12-03,275000,OUTFLOW,USD,Fictional Harbor USA,OPERATING,1
HBR-8-3-OPS,2026-12-03,259487.18,OUTFLOW,EUR,Fictional Harbor Germany,OPERATING,1
HBR-8-4-OPS,2026-12-03,428537.89,OUTFLOW,SGD,Fictional Harbor Singapore,OPERATING,1
HBR-8-5-OPS,2026-12-03,269253.73,OUTFLOW,GBP,Fictional Harbor UK,OPERATING,1
HBR-8-6-OPS,2026-12-03,58024139.47,OUTFLOW,JPY,Fictional Harbor Japan,OPERATING,1
HBR-EXTRA-16,2026-12-03,644999.83,INFLOW,SGD,Fictional Harbor Singapore,OTHER,1
HBR-8-1-SALE-B,2026-12-04,1059459.46,INFLOW,CAD,Fictional Harbor India,PRODUCT_SALE,0.95
HBR-8-2-SALE-B,2026-12-04,1325757.58,INFLOW,AUD,Fictional Harbor USA,PRODUCT_SALE,0.95
HBR-8-3-SALE-B,2026-12-04,6900000,INFLOW,CNY,Fictional Harbor Germany,PRODUCT_SALE,0.95
HBR-8-4-SALE-B,2026-12-04,3881833.61,INFLOW,AED,Fictional Harbor Singapore,PRODUCT_SALE,0.95
HBR-8-5-SALE-B,2026-12-04,8954408.95,INFLOW,HKD,Fictional Harbor UK,PRODUCT_SALE,0.95
HBR-8-6-SALE-B,2026-12-04,1106250,INFLOW,CHF,Fictional Harbor Japan,PRODUCT_SALE,0.95
HBR-8-1-OTHER,2026-12-05,100800,OUTFLOW,USD,Fictional Harbor India,OTHER,1
HBR-8-2-OTHER,2026-12-05,112500,OUTFLOW,USD,Fictional Harbor USA,OTHER,1
HBR-8-3-OTHER,2026-12-05,124200,OUTFLOW,USD,Fictional Harbor Germany,OTHER,1
HBR-8-4-OTHER,2026-12-05,135900,OUTFLOW,USD,Fictional Harbor Singapore,OTHER,1
HBR-8-5-OTHER,2026-12-05,147600,OUTFLOW,USD,Fictional Harbor UK,OTHER,1
HBR-8-6-OTHER,2026-12-05,159300,OUTFLOW,USD,Fictional Harbor Japan,OTHER,1
HBR-EXTRA-17,2026-12-06,380597.01,OUTFLOW,GBP,Fictional Harbor UK,OPERATING,1
HBR-9-1-CRUDE,2026-12-07,105912691.1,OUTFLOW,INR,Fictional Harbor India,CRUDE_PURCHASE,1
HBR-9-2-CRUDE,2026-12-07,1299500,OUTFLOW,USD,Fictional Harbor USA,CRUDE_PURCHASE,1
HBR-9-3-CRUDE,2026-12-07,1238461.54,OUTFLOW,EUR,Fictional Harbor Germany,CRUDE_PURCHASE,1
HBR-9-4-CRUDE,2026-12-07,2062064.46,OUTFLOW,SGD,Fictional Harbor Singapore,CRUDE_PURCHASE,1
HBR-9-5-CRUDE,2026-12-07,1304477.61,OUTFLOW,GBP,Fictional Harbor UK,CRUDE_PURCHASE,1
HBR-9-6-CRUDE,2026-12-07,282744747.43,OUTFLOW,JPY,Fictional Harbor Japan,CRUDE_PURCHASE,1
HBR-9-1-SALE-A,2026-12-08,138146988.4,INFLOW,INR,Fictional Harbor India,PRODUCT_SALE,0.96
HBR-9-2-SALE-A,2026-12-08,1695000,INFLOW,USD,Fictional Harbor USA,PRODUCT_SALE,0.96
HBR-9-3-SALE-A,2026-12-08,1615384.62,INFLOW,EUR,Fictional Harbor Germany,PRODUCT_SALE,0.96
HBR-9-4-SALE-A,2026-12-08,2689649.3,INFLOW,SGD,Fictional Harbor Singapore,PRODUCT_SALE,0.96
HBR-9-5-SALE-A,2026-12-08,1701492.54,INFLOW,GBP,Fictional Harbor UK,PRODUCT_SALE,0.96
HBR-9-6-SALE-A,2026-12-08,368797496.65,INFLOW,JPY,Fictional Harbor Japan,PRODUCT_SALE,0.96
HBR-9-1-FREIGHT,2026-12-09,166666.67,OUTFLOW,AUD,Fictional Harbor India,FREIGHT,1
HBR-9-2-FREIGHT,2026-12-09,887857.14,OUTFLOW,CNY,Fictional Harbor USA,FREIGHT,1
HBR-9-3-FREIGHT,2026-12-09,509008.65,OUTFLOW,AED,Fictional Harbor Germany,FREIGHT,1
HBR-9-4-FREIGHT,2026-12-09,1192621.19,OUTFLOW,HKD,Fictional Harbor Singapore,FREIGHT,1
HBR-9-5-FREIGHT,2026-12-09,149285.71,OUTFLOW,CHF,Fictional Harbor UK,FREIGHT,1
HBR-9-6-FREIGHT,2026-12-09,245270.27,OUTFLOW,CAD,Fictional Harbor Japan,FREIGHT,1
HBR-EXTRA-18,2026-12-09,77484726.57,OUTFLOW,JPY,Fictional Harbor Japan,OPERATING,1
HBR-9-1-OPS,2026-12-10,20261558.3,OUTFLOW,INR,Fictional Harbor India,OPERATING,1
HBR-9-2-OPS,2026-12-10,248600,OUTFLOW,USD,Fictional Harbor USA,OPERATING,1
HBR-9-3-OPS,2026-12-10,236923.08,OUTFLOW,EUR,Fictional Harbor Germany,OPERATING,1
HBR-9-4-OPS,2026-12-10,394481.9,OUTFLOW,SGD,Fictional Harbor Singapore,OPERATING,1
HBR-9-5-OPS,2026-12-10,249552.24,OUTFLOW,GBP,Fictional Harbor UK,OPERATING,1
HBR-9-6-OPS,2026-12-10,54090299.51,OUTFLOW,JPY,Fictional Harbor Japan,OPERATING,1
HBR-9-1-SALE-B,2026-12-11,1060606.06,INFLOW,AUD,Fictional Harbor India,PRODUCT_SALE,0.95
HBR-9-2-SALE-B,2026-12-11,5650000,INFLOW,CNY,Fictional Harbor USA,PRODUCT_SALE,0.95
HBR-9-3-SALE-B,2026-12-11,3239145.92,INFLOW,AED,Fictional Harbor Germany,PRODUCT_SALE,0.95
HBR-9-4-SALE-B,2026-12-11,7589407.59,INFLOW,HKD,Fictional Harbor Singapore,PRODUCT_SALE,0.95
HBR-9-5-SALE-B,2026-12-11,950000,INFLOW,CHF,Fictional Harbor UK,PRODUCT_SALE,0.95
HBR-9-6-SALE-B,2026-12-11,1560810.81,INFLOW,CAD,Fictional Harbor Japan,PRODUCT_SALE,0.95
HBR-9-1-OTHER,2026-12-12,90000,OUTFLOW,USD,Fictional Harbor India,OTHER,1
HBR-9-2-OTHER,2026-12-12,101700,OUTFLOW,USD,Fictional Harbor USA,OTHER,1
HBR-9-3-OTHER,2026-12-12,113400,OUTFLOW,USD,Fictional Harbor Germany,OTHER,1
HBR-9-4-OTHER,2026-12-12,125100,OUTFLOW,USD,Fictional Harbor Singapore,OTHER,1
HBR-9-5-OTHER,2026-12-12,136800,OUTFLOW,USD,Fictional Harbor UK,OTHER,1
HBR-9-6-OTHER,2026-12-12,148500,OUTFLOW,USD,Fictional Harbor Japan,OTHER,1
HBR-EXTRA-19,2026-12-12,828881930.37,OUTFLOW,INR,Fictional Harbor India,OPERATING,1
HBR-10-1-CRUDE,2026-12-14,110149198.75,OUTFLOW,INR,Fictional Harbor India,CRUDE_PURCHASE,1
HBR-10-2-CRUDE,2026-12-14,1345500,OUTFLOW,USD,Fictional Harbor USA,CRUDE_PURCHASE,1
HBR-10-3-CRUDE,2026-12-14,1277777.78,OUTFLOW,EUR,Fictional Harbor Germany,CRUDE_PURCHASE,1
HBR-10-4-CRUDE,2026-12-14,2121404.45,OUTFLOW,SGD,Fictional Harbor Singapore,CRUDE_PURCHASE,1
HBR-10-5-CRUDE,2026-12-14,1338805.97,OUTFLOW,GBP,Fictional Harbor UK,CRUDE_PURCHASE,1
HBR-10-6-CRUDE,2026-12-14,289599165.55,OUTFLOW,JPY,Fictional Harbor Japan,CRUDE_PURCHASE,1
HBR-10-1-SALE-A,2026-12-15,143672867.93,INFLOW,INR,Fictional Harbor India,PRODUCT_SALE,0.9
HBR-10-2-SALE-A,2026-12-15,1755000,INFLOW,USD,Fictional Harbor USA,PRODUCT_SALE,0.9
HBR-10-3-SALE-A,2026-12-15,1666666.67,INFLOW,EUR,Fictional Harbor Germany,PRODUCT_SALE,0.9
HBR-10-4-SALE-A,2026-12-15,2767049.28,INFLOW,SGD,Fictional Harbor Singapore,PRODUCT_SALE,0.9
HBR-10-5-SALE-A,2026-12-15,1746268.66,INFLOW,GBP,Fictional Harbor UK,PRODUCT_SALE,0.9
HBR-10-6-SALE-A,2026-12-15,377738042.02,INFLOW,JPY,Fictional Harbor Japan,PRODUCT_SALE,0.9
HBR-EXTRA-20,2026-12-15,540000,OUTFLOW,USD,Fictional Harbor USA,OPERATING,1
HBR-10-1-FREIGHT,2026-12-16,817142.86,OUTFLOW,CNY,Fictional Harbor India,FREIGHT,1
HBR-10-2-FREIGHT,2026-12-16,472650.88,OUTFLOW,AED,Fictional Harbor USA,FREIGHT,1
HBR-10-3-FREIGHT,2026-12-16,1115401.12,OUTFLOW,HKD,Fictional Harbor Germany,FREIGHT,1
HBR-10-4-FREIGHT,2026-12-16,140446.43,OUTFLOW,CHF,Fictional Harbor Singapore,FREIGHT,1
HBR-10-5-FREIGHT,2026-12-16,231891.89,OUTFLOW,CAD,Fictional Harbor UK,FREIGHT,1
HBR-10-6-FREIGHT,2026-12-16,281666.67,OUTFLOW,AUD,Fictional Harbor Japan,FREIGHT,1
HBR-10-1-OPS,2026-12-17,21072020.63,OUTFLOW,INR,Fictional Harbor India,OPERATING,1
HBR-10-2-OPS,2026-12-17,257400,OUTFLOW,USD,Fictional Harbor USA,OPERATING,1
HBR-10-3-OPS,2026-12-17,244444.44,OUTFLOW,EUR,Fictional Harbor Germany,OPERATING,1
HBR-10-4-OPS,2026-12-17,405833.89,OUTFLOW,SGD,Fictional Harbor Singapore,OPERATING,1
HBR-10-5-OPS,2026-12-17,256119.4,OUTFLOW,GBP,Fictional Harbor UK,OPERATING,1
HBR-10-6-OPS,2026-12-17,55401579.5,OUTFLOW,JPY,Fictional Harbor Japan,OPERATING,1
HBR-10-1-SALE-B,2026-12-18,5200000,INFLOW,CNY,Fictional Harbor India,PRODUCT_SALE,0.95
HBR-10-2-SALE-B,2026-12-18,3007778.36,INFLOW,AED,Fictional Harbor USA,PRODUCT_SALE,0.95
HBR-10-3-SALE-B,2026-12-18,7098007.1,INFLOW,HKD,Fictional Harbor Germany,PRODUCT_SALE,0.95
HBR-10-4-SALE-B,2026-12-18,893750,INFLOW,CHF,Fictional Harbor Singapore,PRODUCT_SALE,0.95
HBR-10-5-SALE-B,2026-12-18,1475675.68,INFLOW,CAD,Fictional Harbor UK,PRODUCT_SALE,0.95
HBR-10-6-SALE-B,2026-12-18,1792424.24,INFLOW,AUD,Fictional Harbor Japan,PRODUCT_SALE,0.95
HBR-EXTRA-21,2026-12-18,470085.47,INFLOW,EUR,Fictional Harbor Germany,OTHER,1
HBR-10-1-OTHER,2026-12-19,93600,OUTFLOW,USD,Fictional Harbor India,OTHER,1
HBR-10-2-OTHER,2026-12-19,105300,OUTFLOW,USD,Fictional Harbor USA,OTHER,1
HBR-10-3-OTHER,2026-12-19,117000,OUTFLOW,USD,Fictional Harbor Germany,OTHER,1
HBR-10-4-OTHER,2026-12-19,128700,OUTFLOW,USD,Fictional Harbor Singapore,OTHER,1
HBR-10-5-OTHER,2026-12-19,140400,OUTFLOW,USD,Fictional Harbor UK,OTHER,1
HBR-10-6-OTHER,2026-12-19,152100,OUTFLOW,USD,Fictional Harbor Japan,OTHER,1
HBR-11-1-CRUDE,2026-12-21,114385706.39,OUTFLOW,INR,Fictional Harbor India,CRUDE_PURCHASE,1
HBR-11-2-CRUDE,2026-12-21,1391500,OUTFLOW,USD,Fictional Harbor USA,CRUDE_PURCHASE,1
HBR-11-3-CRUDE,2026-12-21,1317094.02,OUTFLOW,EUR,Fictional Harbor Germany,CRUDE_PURCHASE,1
HBR-11-4-CRUDE,2026-12-21,2180744.43,OUTFLOW,SGD,Fictional Harbor Singapore,CRUDE_PURCHASE,1
HBR-11-5-CRUDE,2026-12-21,1373134.33,OUTFLOW,GBP,Fictional Harbor UK,CRUDE_PURCHASE,1
HBR-11-6-CRUDE,2026-12-21,296453583.67,OUTFLOW,JPY,Fictional Harbor Japan,CRUDE_PURCHASE,1
HBR-EXTRA-22,2026-12-21,722399.81,OUTFLOW,SGD,Fictional Harbor Singapore,OPERATING,1
HBR-11-1-SALE-A,2026-12-22,149198747.47,INFLOW,INR,Fictional Harbor India,PRODUCT_SALE,0.85
HBR-11-2-SALE-A,2026-12-22,1815000,INFLOW,USD,Fictional Harbor USA,PRODUCT_SALE,0.85
HBR-11-3-SALE-A,2026-12-22,1717948.72,INFLOW,EUR,Fictional Harbor Germany,PRODUCT_SALE,0.85
HBR-11-4-SALE-A,2026-12-22,2844449.26,INFLOW,SGD,Fictional Harbor Singapore,PRODUCT_SALE,0.85
HBR-11-5-SALE-A,2026-12-22,1791044.78,INFLOW,GBP,Fictional Harbor UK,PRODUCT_SALE,0.85
HBR-11-6-SALE-A,2026-12-22,386678587.39,INFLOW,JPY,Fictional Harbor Japan,PRODUCT_SALE,0.85
HBR-11-1-FREIGHT,2026-12-23,436293.12,OUTFLOW,AED,Fictional Harbor India,FREIGHT,1
HBR-11-2-FREIGHT,2026-12-23,1038181.04,OUTFLOW,HKD,Fictional Harbor USA,FREIGHT,1
HBR-11-3-FREIGHT,2026-12-23,131607.14,OUTFLOW,CHF,Fictional Harbor Germany,FREIGHT,1
HBR-11-4-FREIGHT,2026-12-23,218513.51,OUTFLOW,CAD,Fictional Harbor Singapore,FREIGHT,1
HBR-11-5-FREIGHT,2026-12-23,266666.67,OUTFLOW,AUD,Fictional Harbor UK,FREIGHT,1
HBR-11-6-FREIGHT,2026-12-23,1359285.71,OUTFLOW,CNY,Fictional Harbor Japan,FREIGHT,1
HBR-11-1-OPS,2026-12-24,21882482.96,OUTFLOW,INR,Fictional Harbor India,OPERATING,1
HBR-11-2-OPS,2026-12-24,266200,OUTFLOW,USD,Fictional Harbor USA,OPERATING,1
HBR-11-3-OPS,2026-12-24,251965.81,OUTFLOW,EUR,Fictional Harbor Germany,OPERATING,1
HBR-11-4-OPS,2026-12-24,417185.89,OUTFLOW,SGD,Fictional Harbor Singapore,OPERATING,1
HBR-11-5-OPS,2026-12-24,262686.57,OUTFLOW,GBP,Fictional Harbor UK,OPERATING,1
HBR-11-6-OPS,2026-12-24,56712859.48,OUTFLOW,JPY,Fictional Harbor Japan,OPERATING,1
HBR-EXTRA-23,2026-12-24,425373.13,OUTFLOW,GBP,Fictional Harbor UK,OPERATING,1
HBR-11-1-SALE-B,2026-12-25,2776410.79,INFLOW,AED,Fictional Harbor India,PRODUCT_SALE,0.95
HBR-11-2-SALE-B,2026-12-25,6606606.61,INFLOW,HKD,Fictional Harbor USA,PRODUCT_SALE,0.95
HBR-11-3-SALE-B,2026-12-25,837500,INFLOW,CHF,Fictional Harbor Germany,PRODUCT_SALE,0.95
HBR-11-4-SALE-B,2026-12-25,1390540.54,INFLOW,CAD,Fictional Harbor Singapore,PRODUCT_SALE,0.95
HBR-11-5-SALE-B,2026-12-25,1696969.7,INFLOW,AUD,Fictional Harbor UK,PRODUCT_SALE,0.95
HBR-11-6-SALE-B,2026-12-25,8650000,INFLOW,CNY,Fictional Harbor Japan,PRODUCT_SALE,0.95
HBR-11-1-OTHER,2026-12-26,97200,OUTFLOW,USD,Fictional Harbor India,OTHER,1
HBR-11-2-OTHER,2026-12-26,108900,OUTFLOW,USD,Fictional Harbor USA,OTHER,1
HBR-11-3-OTHER,2026-12-26,120600,OUTFLOW,USD,Fictional Harbor Germany,OTHER,1
HBR-11-4-OTHER,2026-12-26,132300,OUTFLOW,USD,Fictional Harbor Singapore,OTHER,1
HBR-11-5-OTHER,2026-12-26,144000,OUTFLOW,USD,Fictional Harbor UK,OTHER,1
HBR-11-6-OTHER,2026-12-26,155700,OUTFLOW,USD,Fictional Harbor Japan,OTHER,1
HBR-EXTRA-24,2026-12-27,86425271.94,OUTFLOW,JPY,Fictional Harbor Japan,OPERATING,1
HBR-12-1-CRUDE,2026-12-28,118622214.04,OUTFLOW,INR,Fictional Harbor India,CRUDE_PURCHASE,1
HBR-12-2-CRUDE,2026-12-28,1437500,OUTFLOW,USD,Fictional Harbor USA,CRUDE_PURCHASE,1
HBR-12-3-CRUDE,2026-12-28,1356410.26,OUTFLOW,EUR,Fictional Harbor Germany,CRUDE_PURCHASE,1
HBR-12-4-CRUDE,2026-12-28,2240084.42,OUTFLOW,SGD,Fictional Harbor Singapore,CRUDE_PURCHASE,1
HBR-12-5-CRUDE,2026-12-28,1407462.69,OUTFLOW,GBP,Fictional Harbor UK,CRUDE_PURCHASE,1
HBR-12-6-CRUDE,2026-12-28,303308001.79,OUTFLOW,JPY,Fictional Harbor Japan,CRUDE_PURCHASE,1
HBR-12-1-SALE-A,2026-12-29,154724627,INFLOW,INR,Fictional Harbor India,PRODUCT_SALE,1
HBR-12-2-SALE-A,2026-12-29,1875000,INFLOW,USD,Fictional Harbor USA,PRODUCT_SALE,1
HBR-12-3-SALE-A,2026-12-29,1769230.77,INFLOW,EUR,Fictional Harbor Germany,PRODUCT_SALE,1
HBR-12-4-SALE-A,2026-12-29,2921849.24,INFLOW,SGD,Fictional Harbor Singapore,PRODUCT_SALE,1
HBR-12-5-SALE-A,2026-12-29,1835820.9,INFLOW,GBP,Fictional Harbor UK,PRODUCT_SALE,1
HBR-12-6-SALE-A,2026-12-29,395619132.77,INFLOW,JPY,Fictional Harbor Japan,PRODUCT_SALE,1
HBR-12-1-FREIGHT,2026-12-30,960960.96,OUTFLOW,HKD,Fictional Harbor India,FREIGHT,1
HBR-12-2-FREIGHT,2026-12-30,122767.86,OUTFLOW,CHF,Fictional Harbor USA,FREIGHT,1
HBR-12-3-FREIGHT,2026-12-30,205135.14,OUTFLOW,CAD,Fictional Harbor Germany,FREIGHT,1
HBR-12-4-FREIGHT,2026-12-30,251666.67,OUTFLOW,AUD,Fictional Harbor Singapore,FREIGHT,1
HBR-12-5-FREIGHT,2026-12-30,1288571.43,OUTFLOW,CNY,Fictional Harbor UK,FREIGHT,1
HBR-12-6-FREIGHT,2026-12-30,715035.95,OUTFLOW,AED,Fictional Harbor Japan,FREIGHT,1
HBR-EXTRA-25,2026-12-30,54337815.44,OUTFLOW,INR,Fictional Harbor India,OPERATING,1
HBR-12-1-OPS,2026-12-31,22692945.29,OUTFLOW,INR,Fictional Harbor India,OPERATING,1
HBR-12-2-OPS,2026-12-31,275000,OUTFLOW,USD,Fictional Harbor USA,OPERATING,1
HBR-12-3-OPS,2026-12-31,259487.18,OUTFLOW,EUR,Fictional Harbor Germany,OPERATING,1
HBR-12-4-OPS,2026-12-31,428537.89,OUTFLOW,SGD,Fictional Harbor Singapore,OPERATING,1
HBR-12-5-OPS,2026-12-31,269253.73,OUTFLOW,GBP,Fictional Harbor UK,OPERATING,1
HBR-12-6-OPS,2026-12-31,58024139.47,OUTFLOW,JPY,Fictional Harbor Japan,OPERATING,1
HBR-12-1-SALE-B,2027-01-01,6115206.12,INFLOW,HKD,Fictional Harbor India,PRODUCT_SALE,0.95
HBR-12-2-SALE-B,2027-01-01,781250,INFLOW,CHF,Fictional Harbor USA,PRODUCT_SALE,0.95
HBR-12-3-SALE-B,2027-01-01,1305405.41,INFLOW,CAD,Fictional Harbor Germany,PRODUCT_SALE,0.95
HBR-12-4-SALE-B,2027-01-01,1601515.15,INFLOW,AUD,Fictional Harbor Singapore,PRODUCT_SALE,0.95
HBR-12-5-SALE-B,2027-01-01,8200000,INFLOW,CNY,Fictional Harbor UK,PRODUCT_SALE,0.95
HBR-12-6-SALE-B,2027-01-01,4550228.8,INFLOW,AED,Fictional Harbor Japan,PRODUCT_SALE,0.95
HBR-12-1-OTHER,2027-01-02,100800,OUTFLOW,USD,Fictional Harbor India,OTHER,1
HBR-12-2-OTHER,2027-01-02,112500,OUTFLOW,USD,Fictional Harbor USA,OTHER,1
HBR-12-3-OTHER,2027-01-02,124200,OUTFLOW,USD,Fictional Harbor Germany,OTHER,1
HBR-12-4-OTHER,2027-01-02,135900,OUTFLOW,USD,Fictional Harbor Singapore,OTHER,1
HBR-12-5-OTHER,2027-01-02,147600,OUTFLOW,USD,Fictional Harbor UK,OTHER,1
HBR-12-6-OTHER,2027-01-02,159300,OUTFLOW,USD,Fictional Harbor Japan,OTHER,1
HBR-EXTRA-26,2027-01-02,600000,INFLOW,USD,Fictional Harbor USA,OTHER,1
HBR-13-1-CRUDE,2027-01-04,105912691.1,OUTFLOW,INR,Fictional Harbor India,CRUDE_PURCHASE,1
HBR-13-2-CRUDE,2027-01-04,1299500,OUTFLOW,USD,Fictional Harbor USA,CRUDE_PURCHASE,1
HBR-13-3-CRUDE,2027-01-04,1238461.54,OUTFLOW,EUR,Fictional Harbor Germany,CRUDE_PURCHASE,1
HBR-13-4-CRUDE,2027-01-04,2062064.46,OUTFLOW,SGD,Fictional Harbor Singapore,CRUDE_PURCHASE,1
HBR-13-5-CRUDE,2027-01-04,1304477.61,OUTFLOW,GBP,Fictional Harbor UK,CRUDE_PURCHASE,1
HBR-13-6-CRUDE,2027-01-04,282744747.43,OUTFLOW,JPY,Fictional Harbor Japan,CRUDE_PURCHASE,1
HBR-13-1-SALE-A,2027-01-05,138146988.4,INFLOW,INR,Fictional Harbor India,PRODUCT_SALE,0.96
HBR-13-2-SALE-A,2027-01-05,1695000,INFLOW,USD,Fictional Harbor USA,PRODUCT_SALE,0.96
HBR-13-3-SALE-A,2027-01-05,1615384.62,INFLOW,EUR,Fictional Harbor Germany,PRODUCT_SALE,0.96
HBR-13-4-SALE-A,2027-01-05,2689649.3,INFLOW,SGD,Fictional Harbor Singapore,PRODUCT_SALE,0.96
HBR-13-5-SALE-A,2027-01-05,1701492.54,INFLOW,GBP,Fictional Harbor UK,PRODUCT_SALE,0.96
HBR-13-6-SALE-A,2027-01-05,368797496.65,INFLOW,JPY,Fictional Harbor Japan,PRODUCT_SALE,0.96
HBR-EXTRA-27,2027-01-05,521367.52,OUTFLOW,EUR,Fictional Harbor Germany,OPERATING,1
HBR-13-1-FREIGHT,2027-01-06,98214.29,OUTFLOW,CHF,Fictional Harbor India,FREIGHT,1
HBR-13-2-FREIGHT,2027-01-06,167972.97,OUTFLOW,CAD,Fictional Harbor USA,FREIGHT,1
HBR-13-3-FREIGHT,2027-01-06,210000,OUTFLOW,AUD,Fictional Harbor Germany,FREIGHT,1
HBR-13-4-FREIGHT,2027-01-06,1092142.86,OUTFLOW,CNY,Fictional Harbor Singapore,FREIGHT,1
HBR-13-5-FREIGHT,2027-01-06,614042.18,OUTFLOW,AED,Fictional Harbor UK,FREIGHT,1
HBR-13-6-FREIGHT,2027-01-06,1415701.42,OUTFLOW,HKD,Fictional Harbor Japan,FREIGHT,1
HBR-13-1-OPS,2027-01-07,20261558.3,OUTFLOW,INR,Fictional Harbor India,OPERATING,1
HBR-13-2-OPS,2027-01-07,248600,OUTFLOW,USD,Fictional Harbor USA,OPERATING,1
HBR-13-3-OPS,2027-01-07,236923.08,OUTFLOW,EUR,Fictional Harbor Germany,OPERATING,1
HBR-13-4-OPS,2027-01-07,394481.9,OUTFLOW,SGD,Fictional Harbor Singapore,OPERATING,1
HBR-13-5-OPS,2027-01-07,249552.24,OUTFLOW,GBP,Fictional Harbor UK,OPERATING,1
HBR-13-6-OPS,2027-01-07,54090299.51,OUTFLOW,JPY,Fictional Harbor Japan,OPERATING,1
HBR-13-1-SALE-B,2027-01-08,625000,INFLOW,CHF,Fictional Harbor India,PRODUCT_SALE,0.95
HBR-13-2-SALE-B,2027-01-08,1068918.92,INFLOW,CAD,Fictional Harbor USA,PRODUCT_SALE,0.95
HBR-13-3-SALE-B,2027-01-08,1336363.64,INFLOW,AUD,Fictional Harbor Germany,PRODUCT_SALE,0.95
HBR-13-4-SALE-B,2027-01-08,6950000,INFLOW,CNY,Fictional Harbor Singapore,PRODUCT_SALE,0.95
HBR-13-5-SALE-B,2027-01-08,3907541.11,INFLOW,AED,Fictional Harbor UK,PRODUCT_SALE,0.95
HBR-13-6-SALE-B,2027-01-08,9009009.01,INFLOW,HKD,Fictional Harbor Japan,PRODUCT_SALE,0.95
HBR-13-1-OTHER,2027-01-09,90000,OUTFLOW,USD,Fictional Harbor India,OTHER,1
HBR-13-2-OTHER,2027-01-09,101700,OUTFLOW,USD,Fictional Harbor USA,OTHER,1
HBR-13-3-OTHER,2027-01-09,113400,OUTFLOW,USD,Fictional Harbor Germany,OTHER,1
HBR-13-4-OTHER,2027-01-09,125100,OUTFLOW,USD,Fictional Harbor Singapore,OTHER,1
HBR-13-5-OTHER,2027-01-09,136800,OUTFLOW,USD,Fictional Harbor UK,OTHER,1
HBR-13-6-OTHER,2027-01-09,148500,OUTFLOW,USD,Fictional Harbor Japan,OTHER,1
HBR-EXTRA-05,2027-01-19,186567.16,INFLOW,GBP,Fictional Harbor UK,OTHER,1
HBR-EXTRA-06,2027-01-20,37252272.39,INFLOW,JPY,Fictional Harbor Japan,OTHER,1
HBR-EXTRA-07,2027-01-21,23024498.07,INFLOW,INR,Fictional Harbor India,OTHER,1
HBR-EXTRA-08,2027-01-22,250000,INFLOW,USD,Fictional Harbor USA,OTHER,1
